opportunity_id,symbol,row_number,direction,observable_entry_ts,fill_ts,exit_ts,decision,skip_reason,blocking_trade_id,blocking_symbol,blocking_fill_ts,blocking_exit_ts,active_positions_before,active_positions_after
OPP-000004,BTC,18,LONG,1772906519999,1772906519999,1772911199999,ACCEPTED,,,,,,0,1
OPP-000006,BTC,22,LONG,1772906519999,1772906519999,1772911199999,SKIPPED,SAME_SYMBOL_OVERLAP_SKIPPED,TRADE-000001,BTC,1772906519999,1772911199999,1,1
OPP-000007,BTC,42,LONG,1772906519999,1772906519999,1772911199999,SKIPPED,SAME_SYMBOL_OVERLAP_SKIPPED,TRADE-000001,BTC,1772906519999,1772911199999,1,1
OPP-000009,BTC,54,LONG,1772906519999,1772906519999,1772911199999,SKIPPED,SAME_SYMBOL_OVERLAP_SKIPPED,TRADE-000001,BTC,1772906519999,1772911199999,1,1
OPP-000010,BTC,61,LONG,1772906519999,1772906519999,1772911199999,SKIPPED,SAME_SYMBOL_OVERLAP_SKIPPED,TRADE-000001,BTC,1772906519999,1772911199999,1,1
OPP-000014,BTC,80,LONG,1772906519999,1772906519999,1772911199999,SKIPPED,SAME_SYMBOL_OVERLAP_SKIPPED,TRADE-000001,BTC,1772906519999,1772911199999,1,1
OPP-000015,BTC,83,LONG,1772906519999,1772906519999,1772911199999,SKIPPED,SAME_SYMBOL_OVERLAP_SKIPPED,TRADE-000001,BTC,1772906519999,1772911199999,1,1
OPP-000018,BTC,112,LONG,1772906519999,1772906519999,1772911199999,SKIPPED,SAME_SYMBOL_OVERLAP_SKIPPED,TRADE-000001,BTC,1772906519999,1772911199999,1,1
OPP-000019,BTC,118,LONG,1772906519999,1772906519999,1772911199999,SKIPPED,SAME_SYMBOL_OVERLAP_SKIPPED,TRADE-000001,BTC,1772906519999,1772911199999,1,1
OPP-000022,BTC,135,LONG,1772906519999,1772906519999,1772911199999,SKIPPED,SAME_SYMBOL_OVERLAP_SKIPPED,TRADE-000001,BTC,1772906519999,1772911199999,1,1
OPP-000023,BTC,139,LONG,1772906519999,1772906519999,1772911199999,SKIPPED,SAME_SYMBOL_OVERLAP_SKIPPED,TRADE-000001,BTC,1772906519999,1772911199999,1,1
OPP-000026,BTC,178,LONG,1772906519999,1772906519999,1772911199999,SKIPPED,SAME_SYMBOL_OVERLAP_SKIPPED,TRADE-000001,BTC,1772906519999,1772911199999,1,1
OPP-000028,BTC,187,LONG,1772906519999,1772906519999,1772911199999,SKIPPED,SAME_SYMBOL_OVERLAP_SKIPPED,TRADE-000001,BTC,1772906519999,1772911199999,1,1
OPP-000029,BTC,204,LONG,1772906519999,1772906519999,1772911199999,SKIPPED,SAME_SYMBOL_OVERLAP_SKIPPED,TRADE-000001,BTC,1772906519999,1772911199999,1,1
OPP-000034,BTC,215,LONG,1772906519999,1772906519999,1772911199999,SKIPPED,SAME_SYMBOL_OVERLAP_SKIPPED,TRADE-000001,BTC,1772906519999,1772911199999,1,1
OPP-000035,BTC,220,LONG,1772906519999,1772906519999,1772911199999,SKIPPED,SAME_SYMBOL_OVERLAP_SKIPPED,TRADE-000001,BTC,1772906519999,1772911199999,1,1
OPP-000036,BTC,237,LONG,1772906519999,1772906519999,1772911199999,SKIPPED,SAME_SYMBOL_OVERLAP_SKIPPED,TRADE-000001,BTC,1772906519999,1772911199999,1,1
OPP-000037,BTC,242,LONG,1772906519999,1772906519999,1772911199999,SKIPPED,SAME_SYMBOL_OVERLAP_SKIPPED,TRADE-000001,BTC,1772906519999,1772911199999,1,1
OPP-000039,BTC,249,LONG,1772906519999,1772906519999,1772911199999,SKIPPED,SAME_SYMBOL_OVERLAP_SKIPPED,TRADE-000001,BTC,1772906519999,1772911199999,1,1
OPP-000041,BTC,272,LONG,1772906519999,1772906519999,1772911199999,SKIPPED,SAME_SYMBOL_OVERLAP_SKIPPED,TRADE-000001,BTC,1772906519999,1772911199999,1,1
OPP-000042,BTC,295,LONG,1772906519999,1772906519999,1772911199999,SKIPPED,SAME_SYMBOL_OVERLAP_SKIPPED,TRADE-000001,BTC,1772906519999,1772911199999,1,1
OPP-000049,BTC,337,LONG,1772906519999,1772906519999,1772911199999,SKIPPED,SAME_SYMBOL_OVERLAP_SKIPPED,TRADE-000001,BTC,1772906519999,1772911199999,1,1
OPP-000050,BTC,339,LONG,1772906519999,1772906519999,1772911199999,SKIPPED,SAME_SYMBOL_OVERLAP_SKIPPED,TRADE-000001,BTC,1772906519999,1772911199999,1,1
OPP-000051,BTC,345,LONG,1772906519999,1772906519999,1772911199999,SKIPPED,SAME_SYMBOL_OVERLAP_SKIPPED,TRADE-000001,BTC,1772906519999,1772911199999,1,1
OPP-000052,BTC,355,LONG,1772906519999,1772906519999,1772911199999,SKIPPED,SAME_SYMBOL_OVERLAP_SKIPPED,TRADE-000001,BTC,1772906519999,1772911199999,1,1
OPP-000054,BTC,377,LONG,1772906519999,1772906519999,1772911199999,SKIPPED,SAME_SYMBOL_OVERLAP_SKIPPED,TRADE-000001,BTC,1772906519999,1772911199999,1,1
OPP-000056,BTC,397,LONG,1772906519999,1772906519999,1772911199999,SKIPPED,SAME_SYMBOL_OVERLAP_SKIPPED,TRADE-000001,BTC,1772906519999,1772911199999,1,1
OPP-000058,BTC,404,LONG,1772906519999,1772906519999,1772911199999,SKIPPED,SAME_SYMBOL_OVERLAP_SKIPPED,TRADE-000001,BTC,1772906519999,1772911199999,1,1
OPP-000060,BTC,413,LONG,1772906519999,1772906519999,1772911199999,SKIPPED,SAME_SYMBOL_OVERLAP_SKIPPED,TRADE-000001,BTC,1772906519999,1772911199999,1,1
OPP-000063,BTC,425,LONG,1772906519999,1772906519999,1772911199999,SKIPPED,SAME_SYMBOL_OVERLAP_SKIPPED,TRADE-000001,BTC,1772906519999,1772911199999,1,1
OPP-000066,BTC,464,LONG,1772906519999,1772906519999,1772911199999,SKIPPED,SAME_SYMBOL_OVERLAP_SKIPPED,TRADE-000001,BTC,1772906519999,1772911199999,1,1
OPP-000067,BTC,515,LONG,1772906519999,1772906519999,1772911199999,SKIPPED,SAME_SYMBOL_OVERLAP_SKIPPED,TRADE-000001,BTC,1772906519999,1772911199999,1,1
OPP-000068,BTC,521,LONG,1772906519999,1772906519999,1772911199999,SKIPPED,SAME_SYMBOL_OVERLAP_SKIPPED,TRADE-000001,BTC,1772906519999,1772911199999,1,1
OPP-000070,BTC,548,LONG,1772906519999,1772906519999,1772911199999,SKIPPED,SAME_SYMBOL_OVERLAP_SKIPPED,TRADE-000001,BTC,1772906519999,1772911199999,1,1
OPP-000072,BTC,553,LONG,1772906519999,1772906519999,1772911199999,SKIPPED,SAME_SYMBOL_OVERLAP_SKIPPED,TRADE-000001,BTC,1772906519999,1772911199999,1,1
OPP-000073,BTC,564,LONG,1772906519999,1772906519999,1772911199999,SKIPPED,SAME_SYMBOL_OVERLAP_SKIPPED,TRADE-000001,BTC,1772906519999,1772911199999,1,1
OPP-000074,BTC,577,LONG,1772906519999,1772906519999,1772911199999,SKIPPED,SAME_SYMBOL_OVERLAP_SKIPPED,TRADE-000001,BTC,1772906519999,1772911199999,1,1
OPP-000075,BTC,580,LONG,1772906519999,1772906519999,1772911199999,SKIPPED,SAME_SYMBOL_OVERLAP_SKIPPED,TRADE-000001,BTC,1772906519999,1772911199999,1,1
OPP-000078,BTC,596,LONG,1772906519999,1772906519999,1772911199999,SKIPPED,SAME_SYMBOL_OVERLAP_SKIPPED,TRADE-000001,BTC,1772906519999,1772911199999,1,1
OPP-000081,BTC,624,LONG,1772906519999,1772906519999,1772911199999,SKIPPED,SAME_SYMBOL_OVERLAP_SKIPPED,TRADE-000001,BTC,1772906519999,1772911199999,1,1
OPP-000085,BTC,653,LONG,1772906519999,1772906519999,1772911199999,SKIPPED,SAME_SYMBOL_OVERLAP_SKIPPED,TRADE-000001,BTC,1772906519999,1772911199999,1,1
OPP-000087,BTC,670,LONG,1772906519999,1772906519999,1772911199999,SKIPPED,SAME_SYMBOL_OVERLAP_SKIPPED,TRADE-000001,BTC,1772906519999,1772911199999,1,1
OPP-000089,BTC,707,LONG,1772906519999,1772906519999,1772911199999,SKIPPED,SAME_SYMBOL_OVERLAP_SKIPPED,TRADE-000001,BTC,1772906519999,1772911199999,1,1
OPP-000090,BTC,733,LONG,1772906519999,1772906519999,1772911199999,SKIPPED,SAME_SYMBOL_OVERLAP_SKIPPED,TRADE-000001,BTC,1772906519999,1772911199999,1,1
OPP-000091,BTC,735,LONG,1772906519999,1772906519999,1772911199999,SKIPPED,SAME_SYMBOL_OVERLAP_SKIPPED,TRADE-000001,BTC,1772906519999,1772911199999,1,1
OPP-000092,BTC,742,LONG,1772906519999,1772906519999,1772911199999,SKIPPED,SAME_SYMBOL_OVERLAP_SKIPPED,TRADE-000001,BTC,1772906519999,1772911199999,1,1
OPP-000095,BTC,756,LONG,1772906519999,1772906519999,1772911199999,SKIPPED,SAME_SYMBOL_OVERLAP_SKIPPED,TRADE-000001,BTC,1772906519999,1772911199999,1,1
OPP-000096,BTC,761,LONG,1772906519999,1772906519999,1772911199999,SKIPPED,SAME_SYMBOL_OVERLAP_SKIPPED,TRADE-000001,BTC,1772906519999,1772911199999,1,1
OPP-000097,BTC,766,LONG,1772906519999,1772906519999,1772911199999,SKIPPED,SAME_SYMBOL_OVERLAP_SKIPPED,TRADE-000001,BTC,1772906519999,1772911199999,1,1
OPP-000099,BTC,773,LONG,1772906519999,1772906519999,1772911199999,SKIPPED,SAME_SYMBOL_OVERLAP_SKIPPED,TRADE-000001,BTC,1772906519999,1772911199999,1,1
OPP-000103,BTC,800,LONG,1772906519999,1772906519999,1772911199999,SKIPPED,SAME_SYMBOL_OVERLAP_SKIPPED,TRADE-000001,BTC,1772906519999,1772911199999,1,1
OPP-000106,BTC,849,LONG,1772906519999,1772906519999,1772911199999,SKIPPED,SAME_SYMBOL_OVERLAP_SKIPPED,TRADE-000001,BTC,1772906519999,1772911199999,1,1
OPP-000107,BTC,859,LONG,1772906519999,1772906519999,1772911199999,SKIPPED,SAME_SYMBOL_OVERLAP_SKIPPED,TRADE-000001,BTC,1772906519999,1772911199999,1,1
OPP-000109,BTC,868,LONG,1772906519999,1772906519999,1772911199999,SKIPPED,SAME_SYMBOL_OVERLAP_SKIPPED,TRADE-000001,BTC,1772906519999,1772911199999,1,1
OPP-000110,BTC,880,LONG,1772906519999,1772906519999,1772911199999,SKIPPED,SAME_SYMBOL_OVERLAP_SKIPPED,TRADE-000001,BTC,1772906519999,1772911199999,1,1
OPP-000113,BTC,903,LONG,1772906519999,1772906519999,1772911199999,SKIPPED,SAME_SYMBOL_OVERLAP_SKIPPED,TRADE-000001,BTC,1772906519999,1772911199999,1,1
OPP-000116,BTC,922,LONG,1772906519999,1772906519999,1772911199999,SKIPPED,SAME_SYMBOL_OVERLAP_SKIPPED,TRADE-000001,BTC,1772906519999,1772911199999,1,1
OPP-000117,BTC,926,LONG,1772906519999,1772906519999,1772911199999,SKIPPED,SAME_SYMBOL_OVERLAP_SKIPPED,TRADE-000001,BTC,1772906519999,1772911199999,1,1
OPP-000118,BTC,931,LONG,1772906519999,1772906519999,1772911199999,SKIPPED,SAME_SYMBOL_OVERLAP_SKIPPED,TRADE-000001,BTC,1772906519999,1772911199999,1,1
OPP-000121,BTC,959,LONG,1772906519999,1772906519999,1772911199999,SKIPPED,SAME_SYMBOL_OVERLAP_SKIPPED,TRADE-000001,BTC,1772906519999,1772911199999,1,1
OPP-000123,BTC,977,LONG,1772906519999,1772906519999,1772911199999,SKIPPED,SAME_SYMBOL_OVERLAP_SKIPPED,TRADE-000001,BTC,1772906519999,1772911199999,1,1
OPP-000125,BTC,995,LONG,1772906519999,1772906519999,1772911199999,SKIPPED,SAME_SYMBOL_OVERLAP_SKIPPED,TRADE-000001,BTC,1772906519999,1772911199999,1,1
OPP-000127,BTC,1021,LONG,1772906519999,1772906519999,1772911199999,SKIPPED,SAME_SYMBOL_OVERLAP_SKIPPED,TRADE-000001,BTC,1772906519999,1772911199999,1,1
OPP-000130,BTC,1083,LONG,1772906519999,1772906519999,1772911199999,SKIPPED,SAME_SYMBOL_OVERLAP_SKIPPED,TRADE-000001,BTC,1772906519999,1772911199999,1,1
OPP-000132,BTC,1087,LONG,1772906519999,1772906519999,1772911199999,SKIPPED,SAME_SYMBOL_OVERLAP_SKIPPED,TRADE-000001,BTC,1772906519999,1772911199999,1,1
OPP-000133,BTC,1093,LONG,1772906519999,1772906519999,1772911199999,SKIPPED,SAME_SYMBOL_OVERLAP_SKIPPED,TRADE-000001,BTC,1772906519999,1772911199999,1,1
OPP-000135,BTC,1099,LONG,1772906519999,1772906519999,1772911199999,SKIPPED,SAME_SYMBOL_OVERLAP_SKIPPED,TRADE-000001,BTC,1772906519999,1772911199999,1,1
OPP-000139,BTC,1156,LONG,1772906519999,1772906519999,1772911199999,SKIPPED,SAME_SYMBOL_OVERLAP_SKIPPED,TRADE-000001,BTC,1772906519999,1772911199999,1,1
OPP-000142,BTC,1190,LONG,1772906519999,1772906519999,1772911199999,SKIPPED,SAME_SYMBOL_OVERLAP_SKIPPED,TRADE-000001,BTC,1772906519999,1772911199999,1,1
OPP-000149,BTC,1238,LONG,1772906519999,1772906519999,1772911199999,SKIPPED,SAME_SYMBOL_OVERLAP_SKIPPED,TRADE-000001,BTC,1772906519999,1772911199999,1,1
OPP-000151,BTC,1244,LONG,1772906519999,1772906519999,1772911199999,SKIPPED,SAME_SYMBOL_OVERLAP_SKIPPED,TRADE-000001,BTC,1772906519999,1772911199999,1,1
OPP-000153,BTC,1272,LONG,1772906519999,1772906519999,1772911199999,SKIPPED,SAME_SYMBOL_OVERLAP_SKIPPED,TRADE-000001,BTC,1772906519999,1772911199999,1,1
OPP-000155,BTC,1329,LONG,1772906519999,1772906519999,1772911199999,SKIPPED,SAME_SYMBOL_OVERLAP_SKIPPED,TRADE-000001,BTC,1772906519999,1772911199999,1,1
OPP-000158,BTC,1339,LONG,1772906519999,1772906519999,1772911199999,SKIPPED,SAME_SYMBOL_OVERLAP_SKIPPED,TRADE-000001,BTC,1772906519999,1772911199999,1,1
OPP-000159,BTC,1341,LONG,1772906519999,1772906519999,1772911199999,SKIPPED,SAME_SYMBOL_OVERLAP_SKIPPED,TRADE-000001,BTC,1772906519999,1772911199999,1,1
OPP-000163,BTC,1377,LONG,1772906519999,1772906519999,1772911199999,SKIPPED,SAME_SYMBOL_OVERLAP_SKIPPED,TRADE-000001,BTC,1772906519999,1772911199999,1,1
OPP-000165,BTC,1396,LONG,1772906519999,1772906519999,1772911199999,SKIPPED,SAME_SYMBOL_OVERLAP_SKIPPED,TRADE-000001,BTC,1772906519999,1772911199999,1,1
OPP-000169,BTC,1426,LONG,1772906519999,1772906519999,1772911199999,SKIPPED,SAME_SYMBOL_OVERLAP_SKIPPED,TRADE-000001,BTC,1772906519999,1772911199999,1,1
OPP-000174,BTC,1454,LONG,1772906519999,1772906519999,1772911199999,SKIPPED,SAME_SYMBOL_OVERLAP_SKIPPED,TRADE-000001,BTC,1772906519999,1772911199999,1,1
OPP-000178,BTC,1474,LONG,1772906519999,1772906519999,1772911199999,SKIPPED,SAME_SYMBOL_OVERLAP_SKIPPED,TRADE-000001,BTC,1772906519999,1772911199999,1,1
OPP-000179,BTC,1501,LONG,1772906519999,1772906519999,1772911199999,SKIPPED,SAME_SYMBOL_OVERLAP_SKIPPED,TRADE-000001,BTC,1772906519999,1772911199999,1,1
OPP-000181,BTC,1522,LONG,1772906519999,1772906519999,1772911199999,SKIPPED,SAME_SYMBOL_OVERLAP_SKIPPED,TRADE-000001,BTC,1772906519999,1772911199999,1,1
OPP-000182,BTC,1525,LONG,1772906519999,1772906519999,1772911199999,SKIPPED,SAME_SYMBOL_OVERLAP_SKIPPED,TRADE-000001,BTC,1772906519999,1772911199999,1,1
OPP-000183,BTC,1528,LONG,1772906519999,1772906519999,1772911199999,SKIPPED,SAME_SYMBOL_OVERLAP_SKIPPED,TRADE-000001,BTC,1772906519999,1772911199999,1,1
OPP-000184,BTC,1530,LONG,1772906519999,1772906519999,1772911199999,SKIPPED,SAME_SYMBOL_OVERLAP_SKIPPED,TRADE-000001,BTC,1772906519999,1772911199999,1,1
OPP-000185,BTC,1540,LONG,1772906519999,1772906519999,1772911199999,SKIPPED,SAME_SYMBOL_OVERLAP_SKIPPED,TRADE-000001,BTC,1772906519999,1772911199999,1,1
OPP-000186,BTC,1543,LONG,1772906519999,1772906519999,1772911199999,SKIPPED,SAME_SYMBOL_OVERLAP_SKIPPED,TRADE-000001,BTC,1772906519999,1772911199999,1,1
OPP-000188,BTC,1550,LONG,1772906519999,1772906519999,1772911199999,SKIPPED,SAME_SYMBOL_OVERLAP_SKIPPED,TRADE-000001,BTC,1772906519999,1772911199999,1,1
OPP-000189,BTC,1568,LONG,1772906519999,1772906519999,1772911199999,SKIPPED,SAME_SYMBOL_OVERLAP_SKIPPED,TRADE-000001,BTC,1772906519999,1772911199999,1,1
OPP-000190,BTC,1573,LONG,1772906519999,1772906519999,1772911199999,SKIPPED,SAME_SYMBOL_OVERLAP_SKIPPED,TRADE-000001,BTC,1772906519999,1772911199999,1,1
OPP-000193,BTC,1599,LONG,1772906519999,1772906519999,1772911199999,SKIPPED,SAME_SYMBOL_OVERLAP_SKIPPED,TRADE-000001,BTC,1772906519999,1772911199999,1,1
OPP-000195,BTC,1611,LONG,1772906519999,1772906519999,1772911199999,SKIPPED,SAME_SYMBOL_OVERLAP_SKIPPED,TRADE-000001,BTC,1772906519999,1772911199999,1,1
OPP-000198,BTC,1651,LONG,1772906519999,1772906519999,1772911199999,SKIPPED,SAME_SYMBOL_OVERLAP_SKIPPED,TRADE-000001,BTC,1772906519999,1772911199999,1,1
OPP-000200,BTC,1665,LONG,1772906519999,1772906519999,1772911199999,SKIPPED,SAME_SYMBOL_OVERLAP_SKIPPED,TRADE-000001,BTC,1772906519999,1772911199999,1,1
OPP-000201,BTC,1673,LONG,1772906519999,1772906519999,1772911199999,SKIPPED,SAME_SYMBOL_OVERLAP_SKIPPED,TRADE-000001,BTC,1772906519999,1772911199999,1,1
OPP-000202,BTC,1676,LONG,1772906519999,1772906519999,1772911199999,SKIPPED,SAME_SYMBOL_OVERLAP_SKIPPED,TRADE-000001,BTC,1772906519999,1772911199999,1,1
OPP-000204,BTC,1692,LONG,1772906519999,1772906519999,1772911199999,SKIPPED,SAME_SYMBOL_OVERLAP_SKIPPED,TRADE-000001,BTC,1772906519999,1772911199999,1,1
OPP-000205,BTC,1695,LONG,1772906519999,1772906519999,1772911199999,SKIPPED,SAME_SYMBOL_OVERLAP_SKIPPED,TRADE-000001,BTC,1772906519999,1772911199999,1,1
OPP-000207,BTC,1701,LONG,1772906519999,1772906519999,1772911199999,SKIPPED,SAME_SYMBOL_OVERLAP_SKIPPED,TRADE-000001,BTC,1772906519999,1772911199999,1,1
OPP-000210,BTC,1726,LONG,1772906519999,1772906519999,1772911199999,SKIPPED,SAME_SYMBOL_OVERLAP_SKIPPED,TRADE-000001,BTC,1772906519999,1772911199999,1,1
OPP-000212,BTC,1755,LONG,1772906519999,1772906519999,1772911199999,SKIPPED,SAME_SYMBOL_OVERLAP_SKIPPED,TRADE-000001,BTC,1772906519999,1772911199999,1,1
OPP-000213,BTC,1759,LONG,1772906519999,1772906519999,1772911199999,SKIPPED,SAME_SYMBOL_OVERLAP_SKIPPED,TRADE-000001,BTC,1772906519999,1772911199999,1,1
OPP-000214,BTC,1772,LONG,1772906519999,1772906519999,1772911199999,SKIPPED,SAME_SYMBOL_OVERLAP_SKIPPED,TRADE-000001,BTC,1772906519999,1772911199999,1,1
OPP-000215,BTC,1778,LONG,1772906519999,1772906519999,1772911199999,SKIPPED,SAME_SYMBOL_OVERLAP_SKIPPED,TRADE-000001,BTC,1772906519999,1772911199999,1,1
OPP-000216,BTC,1785,LONG,1772906519999,1772906519999,1772911199999,SKIPPED,SAME_SYMBOL_OVERLAP_SKIPPED,TRADE-000001,BTC,1772906519999,1772911199999,1,1
OPP-000217,BTC,1790,LONG,1772906519999,1772906519999,1772911199999,SKIPPED,SAME_SYMBOL_OVERLAP_SKIPPED,TRADE-000001,BTC,1772906519999,1772911199999,1,1
OPP-000218,BTC,1803,LONG,1772906519999,1772906519999,1772911199999,SKIPPED,SAME_SYMBOL_OVERLAP_SKIPPED,TRADE-000001,BTC,1772906519999,1772911199999,1,1
OPP-000219,BTC,1807,LONG,1772906519999,1772906519999,1772911199999,SKIPPED,SAME_SYMBOL_OVERLAP_SKIPPED,TRADE-000001,BTC,1772906519999,1772911199999,1,1
OPP-000221,BTC,1825,LONG,1772906519999,1772906519999,1772911199999,SKIPPED,SAME_SYMBOL_OVERLAP_SKIPPED,TRADE-000001,BTC,1772906519999,1772911199999,1,1
OPP-000223,BTC,1864,LONG,1772906519999,1772906519999,1772911199999,SKIPPED,SAME_SYMBOL_OVERLAP_SKIPPED,TRADE-000001,BTC,1772906519999,1772911199999,1,1
OPP-000225,BTC,1876,LONG,1772906519999,1772906519999,1772911199999,SKIPPED,SAME_SYMBOL_OVERLAP_SKIPPED,TRADE-000001,BTC,1772906519999,1772911199999,1,1
OPP-000226,BTC,1896,LONG,1772906519999,1772906519999,1772911199999,SKIPPED,SAME_SYMBOL_OVERLAP_SKIPPED,TRADE-000001,BTC,1772906519999,1772911199999,1,1
OPP-000227,BTC,1904,LONG,1772906519999,1772906519999,1772911199999,SKIPPED,SAME_SYMBOL_OVERLAP_SKIPPED,TRADE-000001,BTC,1772906519999,1772911199999,1,1
OPP-000229,BTC,1911,LONG,1772906519999,1772906519999,1772911199999,SKIPPED,SAME_SYMBOL_OVERLAP_SKIPPED,TRADE-000001,BTC,1772906519999,1772911199999,1,1
OPP-000232,BTC,1924,LONG,1772906519999,1772906519999,1772911199999,SKIPPED,SAME_SYMBOL_OVERLAP_SKIPPED,TRADE-000001,BTC,1772906519999,1772911199999,1,1
OPP-000233,BTC,1926,LONG,1772906519999,1772906519999,1772911199999,SKIPPED,SAME_SYMBOL_OVERLAP_SKIPPED,TRADE-000001,BTC,1772906519999,1772911199999,1,1
OPP-000235,BTC,1934,LONG,1772906519999,1772906519999,1772911199999,SKIPPED,SAME_SYMBOL_OVERLAP_SKIPPED,TRADE-000001,BTC,1772906519999,1772911199999,1,1
OPP-000236,BTC,1938,LONG,1772906519999,1772906519999,1772911199999,SKIPPED,SAME_SYMBOL_OVERLAP_SKIPPED,TRADE-000001,BTC,1772906519999,1772911199999,1,1
OPP-000237,BTC,1940,LONG,1772906519999,1772906519999,1772911199999,SKIPPED,SAME_SYMBOL_OVERLAP_SKIPPED,TRADE-000001,BTC,1772906519999,1772911199999,1,1
OPP-000238,BTC,1945,LONG,1772906519999,1772906519999,1772911199999,SKIPPED,SAME_SYMBOL_OVERLAP_SKIPPED,TRADE-000001,BTC,1772906519999,1772911199999,1,1
OPP-000240,BTC,1963,LONG,1772906519999,1772906519999,1772911199999,SKIPPED,SAME_SYMBOL_OVERLAP_SKIPPED,TRADE-000001,BTC,1772906519999,1772911199999,1,1
OPP-000243,BTC,1973,LONG,1772906519999,1772906519999,1772911199999,SKIPPED,SAME_SYMBOL_OVERLAP_SKIPPED,TRADE-000001,BTC,1772906519999,1772911199999,1,1
OPP-000246,BTC,2005,LONG,1772906519999,1772906519999,1772911199999,SKIPPED,SAME_SYMBOL_OVERLAP_SKIPPED,TRADE-000001,BTC,1772906519999,1772911199999,1,1
OPP-000247,BTC,2008,LONG,1772906519999,1772906519999,1772911199999,SKIPPED,SAME_SYMBOL_OVERLAP_SKIPPED,TRADE-000001,BTC,1772906519999,1772911199999,1,1
OPP-000253,BTC,2035,LONG,1772906519999,1772906519999,1772911199999,SKIPPED,SAME_SYMBOL_OVERLAP_SKIPPED,TRADE-000001,BTC,1772906519999,1772911199999,1,1
OPP-000254,BTC,2047,LONG,1772906519999,1772906519999,1772911199999,SKIPPED,SAME_SYMBOL_OVERLAP_SKIPPED,TRADE-000001,BTC,1772906519999,1772911199999,1,1
OPP-000257,BTC,2061,LONG,1772906519999,1772906519999,1772911199999,SKIPPED,SAME_SYMBOL_OVERLAP_SKIPPED,TRADE-000001,BTC,1772906519999,1772911199999,1,1
OPP-000262,BTC,2124,LONG,1772906519999,1772906519999,1772911199999,SKIPPED,SAME_SYMBOL_OVERLAP_SKIPPED,TRADE-000001,BTC,1772906519999,1772911199999,1,1
OPP-000264,BTC,2159,LONG,1772906519999,1772906519999,1772911199999,SKIPPED,SAME_SYMBOL_OVERLAP_SKIPPED,TRADE-000001,BTC,1772906519999,1772911199999,1,1
OPP-000265,BTC,2162,LONG,1772906519999,1772906519999,1772911199999,SKIPPED,SAME_SYMBOL_OVERLAP_SKIPPED,TRADE-000001,BTC,1772906519999,1772911199999,1,1
OPP-000267,BTC,2189,LONG,1772906519999,1772906519999,1772911199999,SKIPPED,SAME_SYMBOL_OVERLAP_SKIPPED,TRADE-000001,BTC,1772906519999,1772911199999,1,1
OPP-000268,BTC,2191,LONG,1772906519999,1772906519999,1772911199999,SKIPPED,SAME_SYMBOL_OVERLAP_SKIPPED,TRADE-000001,BTC,1772906519999,1772911199999,1,1
OPP-000269,BTC,2198,LONG,1772906519999,1772906519999,1772911199999,SKIPPED,SAME_SYMBOL_OVERLAP_SKIPPED,TRADE-000001,BTC,1772906519999,1772911199999,1,1
OPP-000270,BTC,2200,LONG,1772906519999,1772906519999,1772911199999,SKIPPED,SAME_SYMBOL_OVERLAP_SKIPPED,TRADE-000001,BTC,1772906519999,1772911199999,1,1
OPP-000275,BTC,2229,LONG,1772906519999,1772906519999,1772911199999,SKIPPED,SAME_SYMBOL_OVERLAP_SKIPPED,TRADE-000001,BTC,1772906519999,1772911199999,1,1
OPP-000276,BTC,2239,LONG,1772906519999,1772906519999,1772911199999,SKIPPED,SAME_SYMBOL_OVERLAP_SKIPPED,TRADE-000001,BTC,1772906519999,1772911199999,1,1
OPP-000279,BTC,2284,LONG,1772906519999,1772906519999,1772911199999,SKIPPED,SAME_SYMBOL_OVERLAP_SKIPPED,TRADE-000001,BTC,1772906519999,1772911199999,1,1
OPP-000280,BTC,2289,LONG,1772906519999,1772906519999,1772911199999,SKIPPED,SAME_SYMBOL_OVERLAP_SKIPPED,TRADE-000001,BTC,1772906519999,1772911199999,1,1
OPP-000001,BTC,3,SHORT,1772906519999,1772906519999,1772913059999,SKIPPED,SAME_SYMBOL_OVERLAP_SKIPPED,TRADE-000001,BTC,1772906519999,1772911199999,1,1
OPP-000002,BTC,11,SHORT,1772906519999,1772906519999,1772913059999,SKIPPED,SAME_SYMBOL_OVERLAP_SKIPPED,TRADE-000001,BTC,1772906519999,1772911199999,1,1
OPP-000003,BTC,16,SHORT,1772906519999,1772906519999,1772913059999,SKIPPED,SAME_SYMBOL_OVERLAP_SKIPPED,TRADE-000001,BTC,1772906519999,1772911199999,1,1
OPP-000005,BTC,20,SHORT,1772906519999,1772906519999,1772913059999,SKIPPED,SAME_SYMBOL_OVERLAP_SKIPPED,TRADE-000001,BTC,1772906519999,1772911199999,1,1
OPP-000008,BTC,50,SHORT,1772906519999,1772906519999,1772913059999,SKIPPED,SAME_SYMBOL_OVERLAP_SKIPPED,TRADE-000001,BTC,1772906519999,1772911199999,1,1
OPP-000011,BTC,68,SHORT,1772906519999,1772906519999,1772913059999,SKIPPED,SAME_SYMBOL_OVERLAP_SKIPPED,TRADE-000001,BTC,1772906519999,1772911199999,1,1
OPP-000012,BTC,70,SHORT,1772906519999,1772906519999,1772913059999,SKIPPED,SAME_SYMBOL_OVERLAP_SKIPPED,TRADE-000001,BTC,1772906519999,1772911199999,1,1
OPP-000013,BTC,74,SHORT,1772906519999,1772906519999,1772913059999,SKIPPED,SAME_SYMBOL_OVERLAP_SKIPPED,TRADE-000001,BTC,1772906519999,1772911199999,1,1
OPP-000016,BTC,91,SHORT,1772906519999,1772906519999,1772913059999,SKIPPED,SAME_SYMBOL_OVERLAP_SKIPPED,TRADE-000001,BTC,1772906519999,1772911199999,1,1
OPP-000017,BTC,100,SHORT,1772906519999,1772906519999,1772913059999,SKIPPED,SAME_SYMBOL_OVERLAP_SKIPPED,TRADE-000001,BTC,1772906519999,1772911199999,1,1
OPP-000020,BTC,124,SHORT,1772906519999,1772906519999,1772913059999,SKIPPED,SAME_SYMBOL_OVERLAP_SKIPPED,TRADE-000001,BTC,1772906519999,1772911199999,1,1
OPP-000021,BTC,127,SHORT,1772906519999,1772906519999,1772913059999,SKIPPED,SAME_SYMBOL_OVERLAP_SKIPPED,TRADE-000001,BTC,1772906519999,1772911199999,1,1
OPP-000024,BTC,150,SHORT,1772906519999,1772906519999,1772913059999,SKIPPED,SAME_SYMBOL_OVERLAP_SKIPPED,TRADE-000001,BTC,1772906519999,1772911199999,1,1
OPP-000025,BTC,160,SHORT,1772906519999,1772906519999,1772913059999,SKIPPED,SAME_SYMBOL_OVERLAP_SKIPPED,TRADE-000001,BTC,1772906519999,1772911199999,1,1
OPP-000027,BTC,185,SHORT,1772906519999,1772906519999,1772913059999,SKIPPED,SAME_SYMBOL_OVERLAP_SKIPPED,TRADE-000001,BTC,1772906519999,1772911199999,1,1
OPP-000030,BTC,206,SHORT,1772906519999,1772906519999,1772913059999,SKIPPED,SAME_SYMBOL_OVERLAP_SKIPPED,TRADE-000001,BTC,1772906519999,1772911199999,1,1
OPP-000031,BTC,208,SHORT,1772906519999,1772906519999,1772913059999,SKIPPED,SAME_SYMBOL_OVERLAP_SKIPPED,TRADE-000001,BTC,1772906519999,1772911199999,1,1
OPP-000032,BTC,211,SHORT,1772906519999,1772906519999,1772913059999,SKIPPED,SAME_SYMBOL_OVERLAP_SKIPPED,TRADE-000001,BTC,1772906519999,1772911199999,1,1
OPP-000033,BTC,213,SHORT,1772906519999,1772906519999,1772913059999,SKIPPED,SAME_SYMBOL_OVERLAP_SKIPPED,TRADE-000001,BTC,1772906519999,1772911199999,1,1
OPP-000038,BTC,247,SHORT,1772906519999,1772906519999,1772913059999,SKIPPED,SAME_SYMBOL_OVERLAP_SKIPPED,TRADE-000001,BTC,1772906519999,1772911199999,1,1
OPP-000040,BTC,268,SHORT,1772906519999,1772906519999,1772913059999,SKIPPED,SAME_SYMBOL_OVERLAP_SKIPPED,TRADE-000001,BTC,1772906519999,1772911199999,1,1
OPP-000043,BTC,297,SHORT,1772906519999,1772906519999,1772913059999,SKIPPED,SAME_SYMBOL_OVERLAP_SKIPPED,TRADE-000001,BTC,1772906519999,1772911199999,1,1
OPP-000044,BTC,304,SHORT,1772906519999,1772906519999,1772913059999,SKIPPED,SAME_SYMBOL_OVERLAP_SKIPPED,TRADE-000001,BTC,1772906519999,1772911199999,1,1
OPP-000045,BTC,308,SHORT,1772906519999,1772906519999,1772913059999,SKIPPED,SAME_SYMBOL_OVERLAP_SKIPPED,TRADE-000001,BTC,1772906519999,1772911199999,1,1
OPP-000046,BTC,325,SHORT,1772906519999,1772906519999,1772913059999,SKIPPED,SAME_SYMBOL_OVERLAP_SKIPPED,TRADE-000001,BTC,1772906519999,1772911199999,1,1
OPP-000047,BTC,328,SHORT,1772906519999,1772906519999,1772913059999,SKIPPED,SAME_SYMBOL_OVERLAP_SKIPPED,TRADE-000001,BTC,1772906519999,1772911199999,1,1
OPP-000048,BTC,334,SHORT,1772906519999,1772906519999,1772913059999,SKIPPED,SAME_SYMBOL_OVERLAP_SKIPPED,TRADE-000001,BTC,1772906519999,1772911199999,1,1
OPP-000053,BTC,370,SHORT,1772906519999,1772906519999,1772913059999,SKIPPED,SAME_SYMBOL_OVERLAP_SKIPPED,TRADE-000001,BTC,1772906519999,1772911199999,1,1
OPP-000055,BTC,385,SHORT,1772906519999,1772906519999,1772913059999,SKIPPED,SAME_SYMBOL_OVERLAP_SKIPPED,TRADE-000001,BTC,1772906519999,1772911199999,1,1
OPP-000057,BTC,401,SHORT,1772906519999,1772906519999,1772913059999,SKIPPED,SAME_SYMBOL_OVERLAP_SKIPPED,TRADE-000001,BTC,1772906519999,1772911199999,1,1
OPP-000059,BTC,406,SHORT,1772906519999,1772906519999,1772913059999,SKIPPED,SAME_SYMBOL_OVERLAP_SKIPPED,TRADE-000001,BTC,1772906519999,1772911199999,1,1
OPP-000061,BTC,416,SHORT,1772906519999,1772906519999,1772913059999,SKIPPED,SAME_SYMBOL_OVERLAP_SKIPPED,TRADE-000001,BTC,1772906519999,1772911199999,1,1
OPP-000062,BTC,419,SHORT,1772906519999,1772906519999,1772913059999,SKIPPED,SAME_SYMBOL_OVERLAP_SKIPPED,TRADE-000001,BTC,1772906519999,1772911199999,1,1
OPP-000064,BTC,430,SHORT,1772906519999,1772906519999,1772913059999,SKIPPED,SAME_SYMBOL_OVERLAP_SKIPPED,TRADE-000001,BTC,1772906519999,1772911199999,1,1
OPP-000065,BTC,438,SHORT,1772906519999,1772906519999,1772913059999,SKIPPED,SAME_SYMBOL_OVERLAP_SKIPPED,TRADE-000001,BTC,1772906519999,1772911199999,1,1
OPP-000069,BTC,536,SHORT,1772906519999,1772906519999,1772913059999,SKIPPED,SAME_SYMBOL_OVERLAP_SKIPPED,TRADE-000001,BTC,1772906519999,1772911199999,1,1
OPP-000071,BTC,551,SHORT,1772906519999,1772906519999,1772913059999,SKIPPED,SAME_SYMBOL_OVERLAP_SKIPPED,TRADE-000001,BTC,1772906519999,1772911199999,1,1
OPP-000076,BTC,589,SHORT,1772906519999,1772906519999,1772913059999,SKIPPED,SAME_SYMBOL_OVERLAP_SKIPPED,TRADE-000001,BTC,1772906519999,1772911199999,1,1
OPP-000077,BTC,591,SHORT,1772906519999,1772906519999,1772913059999,SKIPPED,SAME_SYMBOL_OVERLAP_SKIPPED,TRADE-000001,BTC,1772906519999,1772911199999,1,1
OPP-000079,BTC,603,SHORT,1772906519999,1772906519999,1772913059999,SKIPPED,SAME_SYMBOL_OVERLAP_SKIPPED,TRADE-000001,BTC,1772906519999,1772911199999,1,1
OPP-000080,BTC,613,SHORT,1772906519999,1772906519999,1772913059999,SKIPPED,SAME_SYMBOL_OVERLAP_SKIPPED,TRADE-000001,BTC,1772906519999,1772911199999,1,1
OPP-000082,BTC,632,SHORT,1772906519999,1772906519999,1772913059999,SKIPPED,SAME_SYMBOL_OVERLAP_SKIPPED,TRADE-000001,BTC,1772906519999,1772911199999,1,1
OPP-000083,BTC,644,SHORT,1772906519999,1772906519999,1772913059999,SKIPPED,SAME_SYMBOL_OVERLAP_SKIPPED,TRADE-000001,BTC,1772906519999,1772911199999,1,1
OPP-000084,BTC,648,SHORT,1772906519999,1772906519999,1772913059999,SKIPPED,SAME_SYMBOL_OVERLAP_SKIPPED,TRADE-000001,BTC,1772906519999,1772911199999,1,1
OPP-000086,BTC,660,SHORT,1772906519999,1772906519999,1772913059999,SKIPPED,SAME_SYMBOL_OVERLAP_SKIPPED,TRADE-000001,BTC,1772906519999,1772911199999,1,1
OPP-000088,BTC,672,SHORT,1772906519999,1772906519999,1772913059999,SKIPPED,SAME_SYMBOL_OVERLAP_SKIPPED,TRADE-000001,BTC,1772906519999,1772911199999,1,1
OPP-000093,BTC,749,SHORT,1772906519999,1772906519999,1772913059999,SKIPPED,SAME_SYMBOL_OVERLAP_SKIPPED,TRADE-000001,BTC,1772906519999,1772911199999,1,1
OPP-000094,BTC,754,SHORT,1772906519999,1772906519999,1772913059999,SKIPPED,SAME_SYMBOL_OVERLAP_SKIPPED,TRADE-000001,BTC,1772906519999,1772911199999,1,1
OPP-000098,BTC,771,SHORT,1772906519999,1772906519999,1772913059999,SKIPPED,SAME_SYMBOL_OVERLAP_SKIPPED,TRADE-000001,BTC,1772906519999,1772911199999,1,1
OPP-000100,BTC,781,SHORT,1772906519999,1772906519999,1772913059999,SKIPPED,SAME_SYMBOL_OVERLAP_SKIPPED,TRADE-000001,BTC,1772906519999,1772911199999,1,1
OPP-000101,BTC,784,SHORT,1772906519999,1772906519999,1772913059999,SKIPPED,SAME_SYMBOL_OVERLAP_SKIPPED,TRADE-000001,BTC,1772906519999,1772911199999,1,1
OPP-000102,BTC,791,SHORT,1772906519999,1772906519999,1772913059999,SKIPPED,SAME_SYMBOL_OVERLAP_SKIPPED,TRADE-000001,BTC,1772906519999,1772911199999,1,1
OPP-000104,BTC,816,SHORT,1772906519999,1772906519999,1772913059999,SKIPPED,SAME_SYMBOL_OVERLAP_SKIPPED,TRADE-000001,BTC,1772906519999,1772911199999,1,1
OPP-000105,BTC,825,SHORT,1772906519999,1772906519999,1772913059999,SKIPPED,SAME_SYMBOL_OVERLAP_SKIPPED,TRADE-000001,BTC,1772906519999,1772911199999,1,1
OPP-000108,BTC,863,SHORT,1772906519999,1772906519999,1772913059999,SKIPPED,SAME_SYMBOL_OVERLAP_SKIPPED,TRADE-000001,BTC,1772906519999,1772911199999,1,1
OPP-000111,BTC,896,SHORT,1772906519999,1772906519999,1772913059999,SKIPPED,SAME_SYMBOL_OVERLAP_SKIPPED,TRADE-000001,BTC,1772906519999,1772911199999,1,1
OPP-000112,BTC,900,SHORT,1772906519999,1772906519999,1772913059999,SKIPPED,SAME_SYMBOL_OVERLAP_SKIPPED,TRADE-000001,BTC,1772906519999,1772911199999,1,1
OPP-000114,BTC,912,SHORT,1772906519999,1772906519999,1772913059999,SKIPPED,SAME_SYMBOL_OVERLAP_SKIPPED,TRADE-000001,BTC,1772906519999,1772911199999,1,1
OPP-000115,BTC,920,SHORT,1772906519999,1772906519999,1772913059999,SKIPPED,SAME_SYMBOL_OVERLAP_SKIPPED,TRADE-000001,BTC,1772906519999,1772911199999,1,1
OPP-000119,BTC,935,SHORT,1772906519999,1772906519999,1772913059999,SKIPPED,SAME_SYMBOL_OVERLAP_SKIPPED,TRADE-000001,BTC,1772906519999,1772911199999,1,1
OPP-000120,BTC,954,SHORT,1772906519999,1772906519999,1772913059999,SKIPPED,SAME_SYMBOL_OVERLAP_SKIPPED,TRADE-000001,BTC,1772906519999,1772911199999,1,1
OPP-000122,BTC,964,SHORT,1772906519999,1772906519999,1772913059999,SKIPPED,SAME_SYMBOL_OVERLAP_SKIPPED,TRADE-000001,BTC,1772906519999,1772911199999,1,1
OPP-000124,BTC,986,SHORT,1772906519999,1772906519999,1772913059999,SKIPPED,SAME_SYMBOL_OVERLAP_SKIPPED,TRADE-000001,BTC,1772906519999,1772911199999,1,1
OPP-000126,BTC,1004,SHORT,1772906519999,1772906519999,1772913059999,SKIPPED,SAME_SYMBOL_OVERLAP_SKIPPED,TRADE-000001,BTC,1772906519999,1772911199999,1,1
OPP-000128,BTC,1031,SHORT,1772906519999,1772906519999,1772913059999,SKIPPED,SAME_SYMBOL_OVERLAP_SKIPPED,TRADE-000001,BTC,1772906519999,1772911199999,1,1
OPP-000129,BTC,1044,SHORT,1772906519999,1772906519999,1772913059999,SKIPPED,SAME_SYMBOL_OVERLAP_SKIPPED,TRADE-000001,BTC,1772906519999,1772911199999,1,1
OPP-000131,BTC,1085,SHORT,1772906519999,1772906519999,1772913059999,SKIPPED,SAME_SYMBOL_OVERLAP_SKIPPED,TRADE-000001,BTC,1772906519999,1772911199999,1,1
OPP-000134,BTC,1097,SHORT,1772906519999,1772906519999,1772913059999,SKIPPED,SAME_SYMBOL_OVERLAP_SKIPPED,TRADE-000001,BTC,1772906519999,1772911199999,1,1
OPP-000136,BTC,1101,SHORT,1772906519999,1772906519999,1772913059999,SKIPPED,SAME_SYMBOL_OVERLAP_SKIPPED,TRADE-000001,BTC,1772906519999,1772911199999,1,1
OPP-000137,BTC,1127,SHORT,1772906519999,1772906519999,1772913059999,SKIPPED,SAME_SYMBOL_OVERLAP_SKIPPED,TRADE-000001,BTC,1772906519999,1772911199999,1,1
OPP-000138,BTC,1136,SHORT,1772906519999,1772906519999,1772913059999,SKIPPED,SAME_SYMBOL_OVERLAP_SKIPPED,TRADE-000001,BTC,1772906519999,1772911199999,1,1
OPP-000140,BTC,1172,SHORT,1772906519999,1772906519999,1772913059999,SKIPPED,SAME_SYMBOL_OVERLAP_SKIPPED,TRADE-000001,BTC,1772906519999,1772911199999,1,1
OPP-000141,BTC,1180,SHORT,1772906519999,1772906519999,1772913059999,SKIPPED,SAME_SYMBOL_OVERLAP_SKIPPED,TRADE-000001,BTC,1772906519999,1772911199999,1,1
OPP-000143,BTC,1192,SHORT,1772906519999,1772906519999,1772913059999,SKIPPED,SAME_SYMBOL_OVERLAP_SKIPPED,TRADE-000001,BTC,1772906519999,1772911199999,1,1
OPP-000144,BTC,1202,SHORT,1772906519999,1772906519999,1772913059999,SKIPPED,SAME_SYMBOL_OVERLAP_SKIPPED,TRADE-000001,BTC,1772906519999,1772911199999,1,1
OPP-000145,BTC,1228,SHORT,1772906519999,1772906519999,1772913059999,SKIPPED,SAME_SYMBOL_OVERLAP_SKIPPED,TRADE-000001,BTC,1772906519999,1772911199999,1,1
OPP-000146,BTC,1231,SHORT,1772906519999,1772906519999,1772913059999,SKIPPED,SAME_SYMBOL_OVERLAP_SKIPPED,TRADE-000001,BTC,1772906519999,1772911199999,1,1
OPP-000147,BTC,1233,SHORT,1772906519999,1772906519999,1772913059999,SKIPPED,SAME_SYMBOL_OVERLAP_SKIPPED,TRADE-000001,BTC,1772906519999,1772911199999,1,1
OPP-000148,BTC,1236,SHORT,1772906519999,1772906519999,1772913059999,SKIPPED,SAME_SYMBOL_OVERLAP_SKIPPED,TRADE-000001,BTC,1772906519999,1772911199999,1,1
OPP-000150,BTC,1241,SHORT,1772906519999,1772906519999,1772913059999,SKIPPED,SAME_SYMBOL_OVERLAP_SKIPPED,TRADE-000001,BTC,1772906519999,1772911199999,1,1
OPP-000152,BTC,1261,SHORT,1772906519999,1772906519999,1772913059999,SKIPPED,SAME_SYMBOL_OVERLAP_SKIPPED,TRADE-000001,BTC,1772906519999,1772911199999,1,1
OPP-000154,BTC,1282,SHORT,1772906519999,1772906519999,1772913059999,SKIPPED,SAME_SYMBOL_OVERLAP_SKIPPED,TRADE-000001,BTC,1772906519999,1772911199999,1,1
OPP-000156,BTC,1332,SHORT,1772906519999,1772906519999,1772913059999,SKIPPED,SAME_SYMBOL_OVERLAP_SKIPPED,TRADE-000001,BTC,1772906519999,1772911199999,1,1
OPP-000157,BTC,1335,SHORT,1772906519999,1772906519999,1772913059999,SKIPPED,SAME_SYMBOL_OVERLAP_SKIPPED,TRADE-000001,BTC,1772906519999,1772911199999,1,1
OPP-000160,BTC,1360,SHORT,1772906519999,1772906519999,1772913059999,SKIPPED,SAME_SYMBOL_OVERLAP_SKIPPED,TRADE-000001,BTC,1772906519999,1772911199999,1,1
OPP-000161,BTC,1363,SHORT,1772906519999,1772906519999,1772913059999,SKIPPED,SAME_SYMBOL_OVERLAP_SKIPPED,TRADE-000001,BTC,1772906519999,1772911199999,1,1
OPP-000162,BTC,1374,SHORT,1772906519999,1772906519999,1772913059999,SKIPPED,SAME_SYMBOL_OVERLAP_SKIPPED,TRADE-000001,BTC,1772906519999,1772911199999,1,1
OPP-000164,BTC,1393,SHORT,1772906519999,1772906519999,1772913059999,SKIPPED,SAME_SYMBOL_OVERLAP_SKIPPED,TRADE-000001,BTC,1772906519999,1772911199999,1,1
OPP-000166,BTC,1404,SHORT,1772906519999,1772906519999,1772913059999,SKIPPED,SAME_SYMBOL_OVERLAP_SKIPPED,TRADE-000001,BTC,1772906519999,1772911199999,1,1
OPP-000167,BTC,1412,SHORT,1772906519999,1772906519999,1772913059999,SKIPPED,SAME_SYMBOL_OVERLAP_SKIPPED,TRADE-000001,BTC,1772906519999,1772911199999,1,1
OPP-000168,BTC,1417,SHORT,1772906519999,1772906519999,1772913059999,SKIPPED,SAME_SYMBOL_OVERLAP_SKIPPED,TRADE-000001,BTC,1772906519999,1772911199999,1,1
OPP-000170,BTC,1428,SHORT,1772906519999,1772906519999,1772913059999,SKIPPED,SAME_SYMBOL_OVERLAP_SKIPPED,TRADE-000001,BTC,1772906519999,1772911199999,1,1
OPP-000171,BTC,1441,SHORT,1772906519999,1772906519999,1772913059999,SKIPPED,SAME_SYMBOL_OVERLAP_SKIPPED,TRADE-000001,BTC,1772906519999,1772911199999,1,1
OPP-000172,BTC,1444,SHORT,1772906519999,1772906519999,1772913059999,SKIPPED,SAME_SYMBOL_OVERLAP_SKIPPED,TRADE-000001,BTC,1772906519999,1772911199999,1,1
OPP-000173,BTC,1452,SHORT,1772906519999,1772906519999,1772913059999,SKIPPED,SAME_SYMBOL_OVERLAP_SKIPPED,TRADE-000001,BTC,1772906519999,1772911199999,1,1
OPP-000175,BTC,1461,SHORT,1772906519999,1772906519999,1772913059999,SKIPPED,SAME_SYMBOL_OVERLAP_SKIPPED,TRADE-000001,BTC,1772906519999,1772911199999,1,1
OPP-000176,BTC,1463,SHORT,1772906519999,1772906519999,1772913059999,SKIPPED,SAME_SYMBOL_OVERLAP_SKIPPED,TRADE-000001,BTC,1772906519999,1772911199999,1,1
OPP-000177,BTC,1466,SHORT,1772906519999,1772906519999,1772913059999,SKIPPED,SAME_SYMBOL_OVERLAP_SKIPPED,TRADE-000001,BTC,1772906519999,1772911199999,1,1
OPP-000180,BTC,1510,SHORT,1772906519999,1772906519999,1772913059999,SKIPPED,SAME_SYMBOL_OVERLAP_SKIPPED,TRADE-000001,BTC,1772906519999,1772911199999,1,1
OPP-000187,BTC,1547,SHORT,1772906519999,1772906519999,1772913059999,SKIPPED,SAME_SYMBOL_OVERLAP_SKIPPED,TRADE-000001,BTC,1772906519999,1772911199999,1,1
OPP-000191,BTC,1588,SHORT,1772906519999,1772906519999,1772913059999,SKIPPED,SAME_SYMBOL_OVERLAP_SKIPPED,TRADE-000001,BTC,1772906519999,1772911199999,1,1
OPP-000192,BTC,1592,SHORT,1772906519999,1772906519999,1772913059999,SKIPPED,SAME_SYMBOL_OVERLAP_SKIPPED,TRADE-000001,BTC,1772906519999,1772911199999,1,1
OPP-000194,BTC,1601,SHORT,1772906519999,1772906519999,1772913059999,SKIPPED,SAME_SYMBOL_OVERLAP_SKIPPED,TRADE-000001,BTC,1772906519999,1772911199999,1,1
OPP-000196,BTC,1622,SHORT,1772906519999,1772906519999,1772913059999,SKIPPED,SAME_SYMBOL_OVERLAP_SKIPPED,TRADE-000001,BTC,1772906519999,1772911199999,1,1
OPP-000197,BTC,1627,SHORT,1772906519999,1772906519999,1772913059999,SKIPPED,SAME_SYMBOL_OVERLAP_SKIPPED,TRADE-000001,BTC,1772906519999,1772911199999,1,1
OPP-000199,BTC,1659,SHORT,1772906519999,1772906519999,1772913059999,SKIPPED,SAME_SYMBOL_OVERLAP_SKIPPED,TRADE-000001,BTC,1772906519999,1772911199999,1,1
OPP-000203,BTC,1689,SHORT,1772906519999,1772906519999,1772913059999,SKIPPED,SAME_SYMBOL_OVERLAP_SKIPPED,TRADE-000001,BTC,1772906519999,1772911199999,1,1
OPP-000206,BTC,1699,SHORT,1772906519999,1772906519999,1772913059999,SKIPPED,SAME_SYMBOL_OVERLAP_SKIPPED,TRADE-000001,BTC,1772906519999,1772911199999,1,1
OPP-000208,BTC,1720,SHORT,1772906519999,1772906519999,1772913059999,SKIPPED,SAME_SYMBOL_OVERLAP_SKIPPED,TRADE-000001,BTC,1772906519999,1772911199999,1,1
OPP-000209,BTC,1722,SHORT,1772906519999,1772906519999,1772913059999,SKIPPED,SAME_SYMBOL_OVERLAP_SKIPPED,TRADE-000001,BTC,1772906519999,1772911199999,1,1
OPP-000211,BTC,1738,SHORT,1772906519999,1772906519999,1772913059999,SKIPPED,SAME_SYMBOL_OVERLAP_SKIPPED,TRADE-000001,BTC,1772906519999,1772911199999,1,1
OPP-000220,BTC,1819,SHORT,1772906519999,1772906519999,1772913059999,SKIPPED,SAME_SYMBOL_OVERLAP_SKIPPED,TRADE-000001,BTC,1772906519999,1772911199999,1,1
OPP-000222,BTC,1856,SHORT,1772906519999,1772906519999,1772913059999,SKIPPED,SAME_SYMBOL_OVERLAP_SKIPPED,TRADE-000001,BTC,1772906519999,1772911199999,1,1
OPP-000224,BTC,1873,SHORT,1772906519999,1772906519999,1772913059999,SKIPPED,SAME_SYMBOL_OVERLAP_SKIPPED,TRADE-000001,BTC,1772906519999,1772911199999,1,1
OPP-000228,BTC,1906,SHORT,1772906519999,1772906519999,1772913059999,SKIPPED,SAME_SYMBOL_OVERLAP_SKIPPED,TRADE-000001,BTC,1772906519999,1772911199999,1,1
OPP-000230,BTC,1914,SHORT,1772906519999,1772906519999,1772913059999,SKIPPED,SAME_SYMBOL_OVERLAP_SKIPPED,TRADE-000001,BTC,1772906519999,1772911199999,1,1
OPP-000231,BTC,1916,SHORT,1772906519999,1772906519999,1772913059999,SKIPPED,SAME_SYMBOL_OVERLAP_SKIPPED,TRADE-000001,BTC,1772906519999,1772911199999,1,1
OPP-000234,BTC,1931,SHORT,1772906519999,1772906519999,1772913059999,SKIPPED,SAME_SYMBOL_OVERLAP_SKIPPED,TRADE-000001,BTC,1772906519999,1772911199999,1,1
OPP-000239,BTC,1948,SHORT,1772906519999,1772906519999,1772913059999,SKIPPED,SAME_SYMBOL_OVERLAP_SKIPPED,TRADE-000001,BTC,1772906519999,1772911199999,1,1
OPP-000241,BTC,1966,SHORT,1772906519999,1772906519999,1772913059999,SKIPPED,SAME_SYMBOL_OVERLAP_SKIPPED,TRADE-000001,BTC,1772906519999,1772911199999,1,1
OPP-000242,BTC,1969,SHORT,1772906519999,1772906519999,1772913059999,SKIPPED,SAME_SYMBOL_OVERLAP_SKIPPED,TRADE-000001,BTC,1772906519999,1772911199999,1,1
OPP-000244,BTC,1984,SHORT,1772906519999,1772906519999,1772913059999,SKIPPED,SAME_SYMBOL_OVERLAP_SKIPPED,TRADE-000001,BTC,1772906519999,1772911199999,1,1
OPP-000245,BTC,1988,SHORT,1772906519999,1772906519999,1772913059999,SKIPPED,SAME_SYMBOL_OVERLAP_SKIPPED,TRADE-000001,BTC,1772906519999,1772911199999,1,1
OPP-000248,BTC,2014,SHORT,1772906519999,1772906519999,1772913059999,SKIPPED,SAME_SYMBOL_OVERLAP_SKIPPED,TRADE-000001,BTC,1772906519999,1772911199999,1,1
OPP-000249,BTC,2021,SHORT,1772906519999,1772906519999,1772913059999,SKIPPED,SAME_SYMBOL_OVERLAP_SKIPPED,TRADE-000001,BTC,1772906519999,1772911199999,1,1
OPP-000250,BTC,2023,SHORT,1772906519999,1772906519999,1772913059999,SKIPPED,SAME_SYMBOL_OVERLAP_SKIPPED,TRADE-000001,BTC,1772906519999,1772911199999,1,1
OPP-000251,BTC,2029,SHORT,1772906519999,1772906519999,1772913059999,SKIPPED,SAME_SYMBOL_OVERLAP_SKIPPED,TRADE-000001,BTC,1772906519999,1772911199999,1,1
OPP-000252,BTC,2033,SHORT,1772906519999,1772906519999,1772913059999,SKIPPED,SAME_SYMBOL_OVERLAP_SKIPPED,TRADE-000001,BTC,1772906519999,1772911199999,1,1
OPP-000255,BTC,2050,SHORT,1772906519999,1772906519999,1772913059999,SKIPPED,SAME_SYMBOL_OVERLAP_SKIPPED,TRADE-000001,BTC,1772906519999,1772911199999,1,1
OPP-000256,BTC,2059,SHORT,1772906519999,1772906519999,1772913059999,SKIPPED,SAME_SYMBOL_OVERLAP_SKIPPED,TRADE-000001,BTC,1772906519999,1772911199999,1,1
OPP-000258,BTC,2085,SHORT,1772906519999,1772906519999,1772913059999,SKIPPED,SAME_SYMBOL_OVERLAP_SKIPPED,TRADE-000001,BTC,1772906519999,1772911199999,1,1
OPP-000259,BTC,2113,SHORT,1772906519999,1772906519999,1772913059999,SKIPPED,SAME_SYMBOL_OVERLAP_SKIPPED,TRADE-000001,BTC,1772906519999,1772911199999,1,1
OPP-000260,BTC,2117,SHORT,1772906519999,1772906519999,1772913059999,SKIPPED,SAME_SYMBOL_OVERLAP_SKIPPED,TRADE-000001,BTC,1772906519999,1772911199999,1,1
OPP-000261,BTC,2120,SHORT,1772906519999,1772906519999,1772913059999,SKIPPED,SAME_SYMBOL_OVERLAP_SKIPPED,TRADE-000001,BTC,1772906519999,1772911199999,1,1
OPP-000263,BTC,2135,SHORT,1772906519999,1772906519999,1772913059999,SKIPPED,SAME_SYMBOL_OVERLAP_SKIPPED,TRADE-000001,BTC,1772906519999,1772911199999,1,1
OPP-000266,BTC,2166,SHORT,1772906519999,1772906519999,1772913059999,SKIPPED,SAME_SYMBOL_OVERLAP_SKIPPED,TRADE-000001,BTC,1772906519999,1772911199999,1,1
OPP-000271,BTC,2205,SHORT,1772906519999,1772906519999,1772913059999,SKIPPED,SAME_SYMBOL_OVERLAP_SKIPPED,TRADE-000001,BTC,1772906519999,1772911199999,1,1
OPP-000272,BTC,2217,SHORT,1772906519999,1772906519999,1772913059999,SKIPPED,SAME_SYMBOL_OVERLAP_SKIPPED,TRADE-000001,BTC,1772906519999,1772911199999,1,1
OPP-000273,BTC,2222,SHORT,1772906519999,1772906519999,1772913059999,SKIPPED,SAME_SYMBOL_OVERLAP_SKIPPED,TRADE-000001,BTC,1772906519999,1772911199999,1,1
OPP-000274,BTC,2226,SHORT,1772906519999,1772906519999,1772913059999,SKIPPED,SAME_SYMBOL_OVERLAP_SKIPPED,TRADE-000001,BTC,1772906519999,1772911199999,1,1
OPP-000277,BTC,2280,SHORT,1772906519999,1772906519999,1772913059999,SKIPPED,SAME_SYMBOL_OVERLAP_SKIPPED,TRADE-000001,BTC,1772906519999,1772911199999,1,1
OPP-000278,BTC,2282,SHORT,1772906519999,1772906519999,1772913059999,SKIPPED,SAME_SYMBOL_OVERLAP_SKIPPED,TRADE-000001,BTC,1772906519999,1772911199999,1,1
OPP-000306,ETH,29,LONG,1772906519999,1772906519999,1772938259999,ACCEPTED,,,,,,1,2
OPP-000307,ETH,38,LONG,1772906519999,1772906519999,1772938259999,SKIPPED,SAME_SYMBOL_OVERLAP_SKIPPED,TRADE-000002,ETH,1772906519999,1772938259999,2,2
OPP-000309,ETH,50,LONG,1772906519999,1772906519999,1772938259999,SKIPPED,SAME_SYMBOL_OVERLAP_SKIPPED,TRADE-000002,ETH,1772906519999,1772938259999,2,2
OPP-000310,ETH,53,LONG,1772906519999,1772906519999,1772938259999,SKIPPED,SAME_SYMBOL_OVERLAP_SKIPPED,TRADE-000002,ETH,1772906519999,1772938259999,2,2
OPP-000311,ETH,70,LONG,1772906519999,1772906519999,1772938259999,SKIPPED,SAME_SYMBOL_OVERLAP_SKIPPED,TRADE-000002,ETH,1772906519999,1772938259999,2,2
OPP-000314,ETH,85,LONG,1772906519999,1772906519999,1772938259999,SKIPPED,SAME_SYMBOL_OVERLAP_SKIPPED,TRADE-000002,ETH,1772906519999,1772938259999,2,2
OPP-000315,ETH,93,LONG,1772906519999,1772906519999,1772938259999,SKIPPED,SAME_SYMBOL_OVERLAP_SKIPPED,TRADE-000002,ETH,1772906519999,1772938259999,2,2
OPP-000316,ETH,97,LONG,1772906519999,1772906519999,1772938259999,SKIPPED,SAME_SYMBOL_OVERLAP_SKIPPED,TRADE-000002,ETH,1772906519999,1772938259999,2,2
OPP-000317,ETH,104,LONG,1772906519999,1772906519999,1772938259999,SKIPPED,SAME_SYMBOL_OVERLAP_SKIPPED,TRADE-000002,ETH,1772906519999,1772938259999,2,2
OPP-000318,ETH,106,LONG,1772906519999,1772906519999,1772938259999,SKIPPED,SAME_SYMBOL_OVERLAP_SKIPPED,TRADE-000002,ETH,1772906519999,1772938259999,2,2
OPP-000320,ETH,115,LONG,1772906519999,1772906519999,1772938259999,SKIPPED,SAME_SYMBOL_OVERLAP_SKIPPED,TRADE-000002,ETH,1772906519999,1772938259999,2,2
OPP-000322,ETH,132,LONG,1772906519999,1772906519999,1772938259999,SKIPPED,SAME_SYMBOL_OVERLAP_SKIPPED,TRADE-000002,ETH,1772906519999,1772938259999,2,2
OPP-000324,ETH,170,LONG,1772906519999,1772906519999,1772938259999,SKIPPED,SAME_SYMBOL_OVERLAP_SKIPPED,TRADE-000002,ETH,1772906519999,1772938259999,2,2
OPP-000327,ETH,215,LONG,1772906519999,1772906519999,1772938259999,SKIPPED,SAME_SYMBOL_OVERLAP_SKIPPED,TRADE-000002,ETH,1772906519999,1772938259999,2,2
OPP-000332,ETH,279,LONG,1772906519999,1772906519999,1772938259999,SKIPPED,SAME_SYMBOL_OVERLAP_SKIPPED,TRADE-000002,ETH,1772906519999,1772938259999,2,2
OPP-000333,ETH,284,LONG,1772906519999,1772906519999,1772938259999,SKIPPED,SAME_SYMBOL_OVERLAP_SKIPPED,TRADE-000002,ETH,1772906519999,1772938259999,2,2
OPP-000337,ETH,316,LONG,1772906519999,1772906519999,1772938259999,SKIPPED,SAME_SYMBOL_OVERLAP_SKIPPED,TRADE-000002,ETH,1772906519999,1772938259999,2,2
OPP-000345,ETH,382,LONG,1772906519999,1772906519999,1772938259999,SKIPPED,SAME_SYMBOL_OVERLAP_SKIPPED,TRADE-000002,ETH,1772906519999,1772938259999,2,2
OPP-000347,ETH,409,LONG,1772906519999,1772906519999,1772938259999,SKIPPED,SAME_SYMBOL_OVERLAP_SKIPPED,TRADE-000002,ETH,1772906519999,1772938259999,2,2
OPP-000348,ETH,412,LONG,1772906519999,1772906519999,1772938259999,SKIPPED,SAME_SYMBOL_OVERLAP_SKIPPED,TRADE-000002,ETH,1772906519999,1772938259999,2,2
OPP-000352,ETH,461,LONG,1772906519999,1772906519999,1772938259999,SKIPPED,SAME_SYMBOL_OVERLAP_SKIPPED,TRADE-000002,ETH,1772906519999,1772938259999,2,2
OPP-000357,ETH,484,LONG,1772906519999,1772906519999,1772938259999,SKIPPED,SAME_SYMBOL_OVERLAP_SKIPPED,TRADE-000002,ETH,1772906519999,1772938259999,2,2
OPP-000358,ETH,487,LONG,1772906519999,1772906519999,1772938259999,SKIPPED,SAME_SYMBOL_OVERLAP_SKIPPED,TRADE-000002,ETH,1772906519999,1772938259999,2,2
OPP-000359,ETH,491,LONG,1772906519999,1772906519999,1772938259999,SKIPPED,SAME_SYMBOL_OVERLAP_SKIPPED,TRADE-000002,ETH,1772906519999,1772938259999,2,2
OPP-000360,ETH,496,LONG,1772906519999,1772906519999,1772938259999,SKIPPED,SAME_SYMBOL_OVERLAP_SKIPPED,TRADE-000002,ETH,1772906519999,1772938259999,2,2
OPP-000361,ETH,507,LONG,1772906519999,1772906519999,1772938259999,SKIPPED,SAME_SYMBOL_OVERLAP_SKIPPED,TRADE-000002,ETH,1772906519999,1772938259999,2,2
OPP-000362,ETH,509,LONG,1772906519999,1772906519999,1772938259999,SKIPPED,SAME_SYMBOL_OVERLAP_SKIPPED,TRADE-000002,ETH,1772906519999,1772938259999,2,2
OPP-000363,ETH,520,LONG,1772906519999,1772906519999,1772938259999,SKIPPED,SAME_SYMBOL_OVERLAP_SKIPPED,TRADE-000002,ETH,1772906519999,1772938259999,2,2
OPP-000364,ETH,528,LONG,1772906519999,1772906519999,1772938259999,SKIPPED,SAME_SYMBOL_OVERLAP_SKIPPED,TRADE-000002,ETH,1772906519999,1772938259999,2,2
OPP-000366,ETH,564,LONG,1772906519999,1772906519999,1772938259999,SKIPPED,SAME_SYMBOL_OVERLAP_SKIPPED,TRADE-000002,ETH,1772906519999,1772938259999,2,2
OPP-000369,ETH,613,LONG,1772906519999,1772906519999,1772938259999,SKIPPED,SAME_SYMBOL_OVERLAP_SKIPPED,TRADE-000002,ETH,1772906519999,1772938259999,2,2
OPP-000370,ETH,616,LONG,1772906519999,1772906519999,1772938259999,SKIPPED,SAME_SYMBOL_OVERLAP_SKIPPED,TRADE-000002,ETH,1772906519999,1772938259999,2,2
OPP-000372,ETH,649,LONG,1772906519999,1772906519999,1772938259999,SKIPPED,SAME_SYMBOL_OVERLAP_SKIPPED,TRADE-000002,ETH,1772906519999,1772938259999,2,2
OPP-000373,ETH,652,LONG,1772906519999,1772906519999,1772938259999,SKIPPED,SAME_SYMBOL_OVERLAP_SKIPPED,TRADE-000002,ETH,1772906519999,1772938259999,2,2
OPP-000374,ETH,654,LONG,1772906519999,1772906519999,1772938259999,SKIPPED,SAME_SYMBOL_OVERLAP_SKIPPED,TRADE-000002,ETH,1772906519999,1772938259999,2,2
OPP-000375,ETH,659,LONG,1772906519999,1772906519999,1772938259999,SKIPPED,SAME_SYMBOL_OVERLAP_SKIPPED,TRADE-000002,ETH,1772906519999,1772938259999,2,2
OPP-000378,ETH,689,LONG,1772906519999,1772906519999,1772938259999,SKIPPED,SAME_SYMBOL_OVERLAP_SKIPPED,TRADE-000002,ETH,1772906519999,1772938259999,2,2
OPP-000304,ETH,2,SHORT,1772906519999,1772906519999,1773025739999,SKIPPED,SAME_SYMBOL_OVERLAP_SKIPPED,TRADE-000002,ETH,1772906519999,1772938259999,2,2
OPP-000305,ETH,14,SHORT,1772906519999,1772906519999,1773025739999,SKIPPED,SAME_SYMBOL_OVERLAP_SKIPPED,TRADE-000002,ETH,1772906519999,1772938259999,2,2
OPP-000308,ETH,47,SHORT,1772906519999,1772906519999,1773025739999,SKIPPED,SAME_SYMBOL_OVERLAP_SKIPPED,TRADE-000002,ETH,1772906519999,1772938259999,2,2
OPP-000312,ETH,72,SHORT,1772906519999,1772906519999,1773025739999,SKIPPED,SAME_SYMBOL_OVERLAP_SKIPPED,TRADE-000002,ETH,1772906519999,1772938259999,2,2
OPP-000313,ETH,82,SHORT,1772906519999,1772906519999,1773025739999,SKIPPED,SAME_SYMBOL_OVERLAP_SKIPPED,TRADE-000002,ETH,1772906519999,1772938259999,2,2
OPP-000319,ETH,113,SHORT,1772906519999,1772906519999,1773025739999,SKIPPED,SAME_SYMBOL_OVERLAP_SKIPPED,TRADE-000002,ETH,1772906519999,1772938259999,2,2
OPP-000321,ETH,127,SHORT,1772906519999,1772906519999,1773025739999,SKIPPED,SAME_SYMBOL_OVERLAP_SKIPPED,TRADE-000002,ETH,1772906519999,1772938259999,2,2
OPP-000323,ETH,140,SHORT,1772906519999,1772906519999,1773025739999,SKIPPED,SAME_SYMBOL_OVERLAP_SKIPPED,TRADE-000002,ETH,1772906519999,1772938259999,2,2
OPP-000325,ETH,173,SHORT,1772906519999,1772906519999,1773025739999,SKIPPED,SAME_SYMBOL_OVERLAP_SKIPPED,TRADE-000002,ETH,1772906519999,1772938259999,2,2
OPP-000326,ETH,195,SHORT,1772906519999,1772906519999,1773025739999,SKIPPED,SAME_SYMBOL_OVERLAP_SKIPPED,TRADE-000002,ETH,1772906519999,1772938259999,2,2
OPP-000328,ETH,226,SHORT,1772906519999,1772906519999,1773025739999,SKIPPED,SAME_SYMBOL_OVERLAP_SKIPPED,TRADE-000002,ETH,1772906519999,1772938259999,2,2
OPP-000329,ETH,252,SHORT,1772906519999,1772906519999,1773025739999,SKIPPED,SAME_SYMBOL_OVERLAP_SKIPPED,TRADE-000002,ETH,1772906519999,1772938259999,2,2
OPP-000330,ETH,259,SHORT,1772906519999,1772906519999,1773025739999,SKIPPED,SAME_SYMBOL_OVERLAP_SKIPPED,TRADE-000002,ETH,1772906519999,1772938259999,2,2
OPP-000331,ETH,270,SHORT,1772906519999,1772906519999,1773025739999,SKIPPED,SAME_SYMBOL_OVERLAP_SKIPPED,TRADE-000002,ETH,1772906519999,1772938259999,2,2
OPP-000334,ETH,287,SHORT,1772906519999,1772906519999,1773025739999,SKIPPED,SAME_SYMBOL_OVERLAP_SKIPPED,TRADE-000002,ETH,1772906519999,1772938259999,2,2
OPP-000335,ETH,296,SHORT,1772906519999,1772906519999,1773025739999,SKIPPED,SAME_SYMBOL_OVERLAP_SKIPPED,TRADE-000002,ETH,1772906519999,1772938259999,2,2
OPP-000336,ETH,303,SHORT,1772906519999,1772906519999,1773025739999,SKIPPED,SAME_SYMBOL_OVERLAP_SKIPPED,TRADE-000002,ETH,1772906519999,1772938259999,2,2
OPP-000338,ETH,330,SHORT,1772906519999,1772906519999,1773025739999,SKIPPED,SAME_SYMBOL_OVERLAP_SKIPPED,TRADE-000002,ETH,1772906519999,1772938259999,2,2
OPP-000339,ETH,338,SHORT,1772906519999,1772906519999,1773025739999,SKIPPED,SAME_SYMBOL_OVERLAP_SKIPPED,TRADE-000002,ETH,1772906519999,1772938259999,2,2
OPP-000340,ETH,340,SHORT,1772906519999,1772906519999,1773025739999,SKIPPED,SAME_SYMBOL_OVERLAP_SKIPPED,TRADE-000002,ETH,1772906519999,1772938259999,2,2
OPP-000341,ETH,350,SHORT,1772906519999,1772906519999,1773025739999,SKIPPED,SAME_SYMBOL_OVERLAP_SKIPPED,TRADE-000002,ETH,1772906519999,1772938259999,2,2
OPP-000342,ETH,371,SHORT,1772906519999,1772906519999,1773025739999,SKIPPED,SAME_SYMBOL_OVERLAP_SKIPPED,TRADE-000002,ETH,1772906519999,1772938259999,2,2
OPP-000343,ETH,373,SHORT,1772906519999,1772906519999,1773025739999,SKIPPED,SAME_SYMBOL_OVERLAP_SKIPPED,TRADE-000002,ETH,1772906519999,1772938259999,2,2
OPP-000344,ETH,377,SHORT,1772906519999,1772906519999,1773025739999,SKIPPED,SAME_SYMBOL_OVERLAP_SKIPPED,TRADE-000002,ETH,1772906519999,1772938259999,2,2
OPP-000346,ETH,389,SHORT,1772906519999,1772906519999,1773025739999,SKIPPED,SAME_SYMBOL_OVERLAP_SKIPPED,TRADE-000002,ETH,1772906519999,1772938259999,2,2
OPP-000349,ETH,430,SHORT,1772906519999,1772906519999,1773025739999,SKIPPED,SAME_SYMBOL_OVERLAP_SKIPPED,TRADE-000002,ETH,1772906519999,1772938259999,2,2
OPP-000350,ETH,441,SHORT,1772906519999,1772906519999,1773025739999,SKIPPED,SAME_SYMBOL_OVERLAP_SKIPPED,TRADE-000002,ETH,1772906519999,1772938259999,2,2
OPP-000351,ETH,456,SHORT,1772906519999,1772906519999,1773025739999,SKIPPED,SAME_SYMBOL_OVERLAP_SKIPPED,TRADE-000002,ETH,1772906519999,1772938259999,2,2
OPP-000353,ETH,464,SHORT,1772906519999,1772906519999,1773025739999,SKIPPED,SAME_SYMBOL_OVERLAP_SKIPPED,TRADE-000002,ETH,1772906519999,1772938259999,2,2
OPP-000354,ETH,467,SHORT,1772906519999,1772906519999,1773025739999,SKIPPED,SAME_SYMBOL_OVERLAP_SKIPPED,TRADE-000002,ETH,1772906519999,1772938259999,2,2
OPP-000355,ETH,469,SHORT,1772906519999,1772906519999,1773025739999,SKIPPED,SAME_SYMBOL_OVERLAP_SKIPPED,TRADE-000002,ETH,1772906519999,1772938259999,2,2
OPP-000356,ETH,471,SHORT,1772906519999,1772906519999,1773025739999,SKIPPED,SAME_SYMBOL_OVERLAP_SKIPPED,TRADE-000002,ETH,1772906519999,1772938259999,2,2
OPP-000365,ETH,562,SHORT,1772906519999,1772906519999,1773025739999,SKIPPED,SAME_SYMBOL_OVERLAP_SKIPPED,TRADE-000002,ETH,1772906519999,1772938259999,2,2
OPP-000367,ETH,578,SHORT,1772906519999,1772906519999,1773025739999,SKIPPED,SAME_SYMBOL_OVERLAP_SKIPPED,TRADE-000002,ETH,1772906519999,1772938259999,2,2
OPP-000368,ETH,581,SHORT,1772906519999,1772906519999,1773025739999,SKIPPED,SAME_SYMBOL_OVERLAP_SKIPPED,TRADE-000002,ETH,1772906519999,1772938259999,2,2
OPP-000371,ETH,630,SHORT,1772906519999,1772906519999,1773025739999,SKIPPED,SAME_SYMBOL_OVERLAP_SKIPPED,TRADE-000002,ETH,1772906519999,1772938259999,2,2
OPP-000376,ETH,676,SHORT,1772906519999,1772906519999,1773025739999,SKIPPED,SAME_SYMBOL_OVERLAP_SKIPPED,TRADE-000002,ETH,1772906519999,1772938259999,2,2
OPP-000377,ETH,678,SHORT,1772906519999,1772906519999,1773025739999,SKIPPED,SAME_SYMBOL_OVERLAP_SKIPPED,TRADE-000002,ETH,1772906519999,1772938259999,2,2
OPP-000379,ETH,695,SHORT,1772906519999,1772906519999,1773025739999,SKIPPED,SAME_SYMBOL_OVERLAP_SKIPPED,TRADE-000002,ETH,1772906519999,1772938259999,2,2
OPP-000407,SOL,3,LONG,1772906519999,1772906519999,1773007499999,ACCEPTED,,,,,,2,3
OPP-000412,SOL,46,LONG,1772906519999,1772906519999,1773007499999,SKIPPED,SAME_SYMBOL_OVERLAP_SKIPPED,TRADE-000003,SOL,1772906519999,1773007499999,3,3
OPP-000413,SOL,54,LONG,1772906519999,1772906519999,1773007499999,SKIPPED,SAME_SYMBOL_OVERLAP_SKIPPED,TRADE-000003,SOL,1772906519999,1773007499999,3,3
OPP-000416,SOL,87,LONG,1772906519999,1772906519999,1773007499999,SKIPPED,SAME_SYMBOL_OVERLAP_SKIPPED,TRADE-000003,SOL,1772906519999,1773007499999,3,3
OPP-000417,SOL,94,LONG,1772906519999,1772906519999,1773007499999,SKIPPED,SAME_SYMBOL_OVERLAP_SKIPPED,TRADE-000003,SOL,1772906519999,1773007499999,3,3
OPP-000418,SOL,104,LONG,1772906519999,1772906519999,1773007499999,SKIPPED,SAME_SYMBOL_OVERLAP_SKIPPED,TRADE-000003,SOL,1772906519999,1773007499999,3,3
OPP-000419,SOL,117,LONG,1772906519999,1772906519999,1773007499999,SKIPPED,SAME_SYMBOL_OVERLAP_SKIPPED,TRADE-000003,SOL,1772906519999,1773007499999,3,3
OPP-000420,SOL,132,LONG,1772906519999,1772906519999,1773007499999,SKIPPED,SAME_SYMBOL_OVERLAP_SKIPPED,TRADE-000003,SOL,1772906519999,1773007499999,3,3
OPP-000423,SOL,147,LONG,1772906519999,1772906519999,1773007499999,SKIPPED,SAME_SYMBOL_OVERLAP_SKIPPED,TRADE-000003,SOL,1772906519999,1773007499999,3,3
OPP-000426,SOL,182,LONG,1772906519999,1772906519999,1773007499999,SKIPPED,SAME_SYMBOL_OVERLAP_SKIPPED,TRADE-000003,SOL,1772906519999,1773007499999,3,3
OPP-000427,SOL,192,LONG,1772906519999,1772906519999,1773007499999,SKIPPED,SAME_SYMBOL_OVERLAP_SKIPPED,TRADE-000003,SOL,1772906519999,1773007499999,3,3
OPP-000408,SOL,5,SHORT,1772906519999,1772906519999,1773084359999,SKIPPED,SAME_SYMBOL_OVERLAP_SKIPPED,TRADE-000003,SOL,1772906519999,1773007499999,3,3
OPP-000409,SOL,11,SHORT,1772906519999,1772906519999,1773084359999,SKIPPED,SAME_SYMBOL_OVERLAP_SKIPPED,TRADE-000003,SOL,1772906519999,1773007499999,3,3
OPP-000410,SOL,20,SHORT,1772906519999,1772906519999,1773084359999,SKIPPED,SAME_SYMBOL_OVERLAP_SKIPPED,TRADE-000003,SOL,1772906519999,1773007499999,3,3
OPP-000411,SOL,43,SHORT,1772906519999,1772906519999,1773084359999,SKIPPED,SAME_SYMBOL_OVERLAP_SKIPPED,TRADE-000003,SOL,1772906519999,1773007499999,3,3
OPP-000414,SOL,57,SHORT,1772906519999,1772906519999,1773084359999,SKIPPED,SAME_SYMBOL_OVERLAP_SKIPPED,TRADE-000003,SOL,1772906519999,1773007499999,3,3
OPP-000415,SOL,72,SHORT,1772906519999,1772906519999,1773084359999,SKIPPED,SAME_SYMBOL_OVERLAP_SKIPPED,TRADE-000003,SOL,1772906519999,1773007499999,3,3
OPP-000421,SOL,137,SHORT,1772906519999,1772906519999,1773084359999,SKIPPED,SAME_SYMBOL_OVERLAP_SKIPPED,TRADE-000003,SOL,1772906519999,1773007499999,3,3
OPP-000422,SOL,140,SHORT,1772906519999,1772906519999,1773084359999,SKIPPED,SAME_SYMBOL_OVERLAP_SKIPPED,TRADE-000003,SOL,1772906519999,1773007499999,3,3
OPP-000424,SOL,151,SHORT,1772906519999,1772906519999,1773084359999,SKIPPED,SAME_SYMBOL_OVERLAP_SKIPPED,TRADE-000003,SOL,1772906519999,1773007499999,3,3
OPP-000425,SOL,156,SHORT,1772906519999,1772906519999,1773084359999,SKIPPED,SAME_SYMBOL_OVERLAP_SKIPPED,TRADE-000003,SOL,1772906519999,1773007499999,3,3
OPP-000428,SOL,222,SHORT,1772906519999,1772906519999,1773084359999,SKIPPED,SAME_SYMBOL_OVERLAP_SKIPPED,TRADE-000003,SOL,1772906519999,1773007499999,3,3
OPP-000429,SOL,237,SHORT,1772906519999,1772906519999,1773084359999,SKIPPED,SAME_SYMBOL_OVERLAP_SKIPPED,TRADE-000003,SOL,1772906519999,1773007499999,3,3
OPP-000430,SOL,261,SHORT,1772906519999,1772906519999,1773084359999,SKIPPED,SAME_SYMBOL_OVERLAP_SKIPPED,TRADE-000003,SOL,1772906519999,1773007499999,3,3
OPP-000281,ENA,4,LONG,1773013199999,1773013199999,1773016559999,ACCEPTED,,,,,,0,1
OPP-000431,SUI,4,LONG,1773013439999,1773013439999,1773022739999,ACCEPTED,,,,,,1,2
OPP-000380,HYPE,4,SHORT,1773103439999,1773103439999,1773110339999,ACCEPTED,,,,,,0,1
OPP-000447,TAO,3,SHORT,1773190379999,1773190379999,1773214739999,ACCEPTED,,,,,,0,1
OPP-000432,SUI,10,SHORT,1773266099999,1773266099999,1773277559999,ACCEPTED,,,,,,0,1
OPP-000382,HYPE,17,SHORT,1773388139999,1773388139999,1773393479999,ACCEPTED,,,,,,0,1
OPP-000448,TAO,9,SHORT,1773549659999,1773549659999,1773552299999,ACCEPTED,,,,,,0,1
OPP-000449,TAO,14,SHORT,1773672419999,1773672419999,1773673859999,ACCEPTED,,,,,,0,1
OPP-000283,ENA,29,LONG,1773755399999,1773755459999,1773761639999,ACCEPTED,,,,,,0,1
OPP-000433,SUI,23,LONG,1773755519999,1773755519999,1773761819999,ACCEPTED,,,,,,1,2
OPP-000385,HYPE,31,LONG,1773833279999,1773833279999,1773833519999,ACCEPTED,,,,,,0,1
OPP-000386,HYPE,35,LONG,1773864599999,1773864599999,1773866039999,ACCEPTED,,,,,,0,1
OPP-000387,HYPE,41,SHORT,1774032779999,1774032779999,1774035359999,ACCEPTED,,,,,,0,1
OPP-000451,TAO,33,SHORT,1774251959999,1774251959999,1774258439999,ACCEPTED,,,,,,0,1
OPP-000452,TAO,39,SHORT,1774327379999,1774327379999,1774331399999,ACCEPTED,,,,,,0,1
OPP-000453,TAO,42,LONG,1774352759999,1774352879999,1774356179999,ACCEPTED,,,,,,0,1
OPP-000454,TAO,47,SHORT,1774398839999,1774398839999,1774399439999,ACCEPTED,,,,,,0,1
OPP-000388,HYPE,50,SHORT,1774445819999,1774445819999,1774448639999,ACCEPTED,,,,,,0,1
OPP-000434,SUI,32,LONG,1774461419999,1774461419999,1774491359999,ACCEPTED,,,,,,0,1
OPP-000455,TAO,58,SHORT,1774536839999,1774536839999,1774539359999,ACCEPTED,,,,,,0,1
OPP-000456,TAO,60,LONG,1774568639999,1774568639999,1774570139999,ACCEPTED,,,,,,0,1
OPP-000389,HYPE,54,SHORT,1774603679999,1774603679999,1774609139999,ACCEPTED,,,,,,0,1
OPP-000457,TAO,67,LONG,1774664459999,1774664459999,1774668719999,ACCEPTED,,,,,,0,1
OPP-000390,HYPE,57,LONG,1774693679999,1774693679999,1774701299999,ACCEPTED,,,,,,0,1
OPP-000458,TAO,74,LONG,1774831139999,1774831139999,1774836479999,ACCEPTED,,,,,,0,1
OPP-000435,SUI,38,SHORT,1775077859999,1775077859999,1775092739999,ACCEPTED,,,,,,0,1
OPP-000391,HYPE,66,SHORT,1775378099999,1775378099999,1775417159999,ACCEPTED,,,,,,0,1
OPP-000392,HYPE,76,LONG,1775784239999,1775784239999,1775785919999,ACCEPTED,,,,,,0,1
OPP-000287,ENA,86,SHORT,1776030299999,1776030299999,1776033179999,ACCEPTED,,,,,,0,1
OPP-000393,HYPE,85,SHORT,1776091499999,1776091499999,1776091679999,ACCEPTED,,,,,,0,1
OPP-000459,TAO,96,SHORT,1776145079999,1776145079999,1776156419999,ACCEPTED,,,,,,0,1
OPP-000288,ENA,97,SHORT,1776331379999,1776331379999,1776334619999,ACCEPTED,,,,,,0,1
OPP-000290,ENA,107,LONG,1776459599999,1776459599999,1776460739999,ACCEPTED,,,,,,0,1
OPP-000291,ENA,114,LONG,1776571199999,1776571199999,1776576539999,ACCEPTED,,,,,,0,1
OPP-000437,SUI,59,LONG,1776661919999,1776661979999,1776669899999,ACCEPTED,,,,,,0,1
OPP-000395,HYPE,101,LONG,1776682979999,1776682979999,1776695639999,ACCEPTED,,,,,,0,1
OPP-000396,HYPE,108,SHORT,1776903659999,1776903659999,1776915599999,ACCEPTED,,,,,,0,1
OPP-000460,TAO,107,SHORT,1777292579999,1777292579999,1777380179999,ACCEPTED,,,,,,0,1
OPP-000438,SUI,65,SHORT,1777300679999,1777300679999,1777303439999,ACCEPTED,,,,,,1,2
OPP-000292,ENA,149,LONG,1777720019999,1777720019999,1777739399999,ACCEPTED,,,,,,0,1
OPP-000461,TAO,112,LONG,1777940699999,1777940699999,1777967399999,ACCEPTED,,,,,,0,1
OPP-000294,ENA,156,LONG,1777987979999,1777987979999,1777990499999,ACCEPTED,,,,,,0,1
OPP-000462,TAO,115,LONG,1778063999999,1778064059999,1778066699999,ACCEPTED,,,,,,0,1
OPP-000295,ENA,163,LONG,1778069039999,1778069099999,1778069279999,ACCEPTED,,,,,,0,1
OPP-000296,ENA,168,SHORT,1778107679999,1778107679999,1778111039999,ACCEPTED,,,,,,0,1
OPP-000297,ENA,181,SHORT,1778251559999,1778251559999,1778251919999,ACCEPTED,,,,,,0,1
OPP-000298,ENA,185,LONG,1778279459999,1778279459999,1778279879999,ACCEPTED,,,,,,0,1
OPP-000439,SUI,76,SHORT,1778299679999,1778299679999,1778308739999,ACCEPTED,,,,,,0,1
OPP-000299,ENA,187,LONG,1778312279999,1778312279999,1778313899999,ACCEPTED,,,,,,0,1
OPP-000463,TAO,122,LONG,1778368439999,1778368439999,1778402699999,ACCEPTED,,,,,,0,1
OPP-000300,ENA,192,SHORT,1778408759999,1778408759999,1778414639999,ACCEPTED,,,,,,0,1
OPP-000440,SUI,88,LONG,1778446559999,1778446559999,1778447399999,ACCEPTED,,,,,,0,1
OPP-000442,SUI,94,SHORT,1778461199999,1778461199999,1778461259999,ACCEPTED,,,,,,0,1
OPP-000464,TAO,126,LONG,1778481899999,1778481899999,1778488259999,ACCEPTED,,,,,,0,1
OPP-000443,SUI,100,SHORT,1778508179999,1778508179999,1778508659999,ACCEPTED,,,,,,0,1
OPP-000445,SUI,107,LONG,1778604599999,1778604599999,1778606279999,ACCEPTED,,,,,,0,1
OPP-000301,ENA,210,LONG,1778655299999,1778655359999,1778665019999,ACCEPTED,,,,,,0,1
OPP-000446,SUI,110,LONG,1778655479999,1778655479999,1778656259999,ACCEPTED,,,,,,1,2
OPP-000302,ENA,214,SHORT,1778776379999,1778776379999,1778777999999,ACCEPTED,,,,,,0,1
OPP-000398,HYPE,131,LONG,1778827679999,1778827679999,1778829779999,ACCEPTED,,,,,,0,1
OPP-000399,HYPE,141,SHORT,1779327899999,1779327899999,1779328019999,ACCEPTED,,,,,,0,1
OPP-000400,HYPE,150,SHORT,1779411179999,1779411179999,1779413939999,ACCEPTED,,,,,,0,1
OPP-000401,HYPE,155,SHORT,1779443039999,1779443099999,1779443579999,ACCEPTED,,,,,,0,1
OPP-000402,HYPE,168,SHORT,1779528419999,1779528419999,1779534359999,ACCEPTED,,,,,,0,1
OPP-000465,TAO,144,SHORT,1779972119999,1779972119999,1780132079999,ACCEPTED,,,,,,0,1
OPP-000404,HYPE,209,SHORT,1780147439999,1780147439999,1780148459999,ACCEPTED,,,,,,0,1
OPP-000405,HYPE,216,SHORT,1780242959999,1780242959999,1780245359999,ACCEPTED,,,,,,0,1
OPP-000406,HYPE,221,SHORT,1780293839999,1780293839999,1780294199999,ACCEPTED,,,,,,0,1
